"AppName","Version","Publisher","Type"
"1527c705-839a-4832-9118-54d4Bd6a0c89","10.0.19041.4239","CN=Microsoft Windows, O=Microsoft Corporation, L=Redmond, S=Washington, C=US","Store"
"5319275A.WhatsAppDesktop","2.2611.102.0","CN=24803D75-212C-471A-BC57-9EF86AB91435","Store"
"59052ChromeLisa.qTorrent","1.1.7.0","CN=EE23BF96-DB31-4E71-AA3C-72379023CF7B","Store"
"64360VelerSoftware.DevToys","1.0.14.0","CN=3D87C8C2-C6F4-4875-B258-5FEC13B08F81","Store"
"7EE7776C.LinkedInforWindows","3.0.43.0","CN=DDCCB5DA-E820-43B5-B58C-BEF830E60516","Store"
"7-Zip 24.09 (x64)","24.09","Igor Pavlov","Desktop"
"Adobe Acrobat (64-bit)","26.001.21367","Adobe","Desktop"
"Adobe Refresh Manager","1.8.0","Adobe Systems Incorporated","Desktop"
"Asian Language And Spelling Dictionaries Support For Adobe Acrobat Reader","23.008.20421","Adobe Systems Incorporated","Desktop"
"Assist Central Pro","4.0.80","AVerMedia TECHNOLOGIES, Inc.","Desktop"
"AVerMedia Assist Central","1.2.0.21","AVerMedia TECHNOLOGIES, Inc","Desktop"
"AVerMedia Assist Central Installer","1.2.0.21","AVerMedia TECHNOLOGIES, Inc.","Desktop"
"AVerMedia Engine","2.0.0.36","AVerMedia TECHNOLOGIES, Inc","Desktop"
"AVerMedia RECentral 4","4.7.110.1","AVerMedia TECHNOLOGIES, Inc","Desktop"
"AVerMedia RECentral 4 Installer","4.7.110.1","AVerMedia TECHNOLOGIES, Inc.","Desktop"
"AVerMedia StreamEngine 2 Installer","2.0.0.36","AVerMedia TECHNOLOGIES, Inc.","Desktop"
"AVerMedia Streaming Center","1.7.4.1","AVerMedia TECHNOLOGIES, Inc","Desktop"
"AVerMedia Streaming Center","1.7.4.1","AVerMedia TECHNOLOGIES, Inc.","Desktop"
"AVerMedia Streaming Center Driver 2.0.64.3","2.0.64.3","AVerMedia TECHNOLOGIES, Inc.","Desktop"
"BrowserOS","137.0.7218.69","BrowserOS Software Inc","Desktop"
"c5e2524a-ea46-4f67-841f-6a9465d9d515","10.0.19041.4239","CN=Microsoft Windows, O=Microsoft Corporation, L=Redmond, S=Washington, C=US","Store"
"Clipchamp.Clipchamp","4.5.10420.0","CN=33F0F141-36F3-4EC2-A77D-51B53D0BA0E4","Store"
"Dolby Audio X2 Windows API SDK","0.8.8.90","Dolby Laboratories, Inc.","Desktop"
"Dolby Audio X2 Windows APP","0.8.8.76","Dolby Laboratories, Inc.","Desktop"
"E046963F.LenovoCompanion","10.2511.10.0","CN=8F32EFB2-B494-4AEC-A27C-4B0736252363","Store"
"E2A4F912-2574-4A75-9BB0-0D023378592B","10.0.19041.4239","CN=Microsoft Windows, O=Microsoft Corporation, L=Redmond, S=Washington, C=US","Store"
"F46D4000-FD22-4DB4-AC8E-4E1DDDE828FE","10.0.19041.4239","CN=Microsoft Windows, O=Microsoft Corporation, L=Redmond, S=Washington, C=US","Store"
"Git","2.46.0","The Git Development Community","Desktop"
"GitHub Desktop","3.5.7","GitHub, Inc.","Desktop"
"Go Programming Language amd64 go1.26.0","1.26.0","https://go.dev","Desktop"
"Google Chrome","146.0.7680.166","Google LLC","Desktop"
"HONGKONGOBSERVATORY.MYOBSERVATORY","2.1.9.0","CN=B828DEB9-9F38-4880-BC70-773B73767C2B","Store"
"HxD Hex Editor 2.5","2.5","Maël Hörz","Desktop"
"Intel(R) Chipset Device Software","10.1.18228.8176","Intel Corporation","Desktop"
"Intel(R) Chipset Device Software","10.1.18228.8176","Intel(R) Corporation","Desktop"
"Intel(R) Management Engine Components","1.0.0.0","Intel Corporation","Desktop"
"Intel(R) Management Engine Components","1.0.0.0","Intel Corporation","Desktop"
"Intel(R) Management Engine Components","1824.12.0.1140","Intel Corporation","Desktop"
"Intel(R) Management Engine Components","1.0.0.0","Intel Corporation","Desktop"
"Intel(R) Management Engine Driver","1.0.0.0","Intel Corporation","Desktop"
"Intel(R) Trusted Connect Service Client x64","1.49.213.1","Intel Corporation","Desktop"
"Intel(R) Trusted Connect Service Client x86","1.49.213.1","Intel Corporation","Desktop"
"Intel(R) Trusted Connect Services Client","1.49.213.1","Intel Corporation","Desktop"
"Intel® PROSet/Wireless Software","21.40.1.0u","Intel Corporation","Desktop"
"Intel® PROSet/Wireless WiFi Software","21.40.1.3406","Intel Corporation","Desktop"
"Lenovo Vantage Service","4.2601.21.0","Lenovo Group Ltd.","Desktop"
"LibreOfficeDev 26.2.0.0.beta1","26.2.0.0.beta1","The Document Foundation","Desktop"
"LM Studio 0.4.9+1","0.4.9+1","LM Studio","Desktop"
"Logitech G HUB","2026.1.828335","Logitech","Desktop"
"Microsoft Edge","146.0.3856.109","Microsoft Corporation","Desktop"
"Microsoft Edge WebView2 Runtime","146.0.3856.109","Microsoft Corporation","Desktop"
"Microsoft OneDrive","26.040.0301.0001","Microsoft Corporation","Desktop"
"Microsoft Teams Meeting Add-in for Microsoft Office","1.24.13006","Microsoft","Desktop"
"Microsoft Update Health Tools","3.74.0.0","Microsoft Corporation","Desktop"
"Microsoft VC++ redistributables repacked.","12.0.0.0","Intel Corporation","Desktop"
"Microsoft VC++ redistributables repacked.","12.0.0.0","Intel Corporation","Desktop"
"Microsoft Visual C++ 2008 Redistributable - x64 9.0.30729.4148","9.0.30729.4148","Microsoft Corporation","Desktop"
"Microsoft Visual C++ 2010  x64 Redistributable - 10.0.40219","10.0.40219","Microsoft Corporation","Desktop"
"Microsoft Visual C++ 2010  x86 Redistributable - 10.0.40219","10.0.40219","Microsoft Corporation","Desktop"
"Microsoft Visual C++ 2012 Redistributable (x64) - 11.0.61030","11.0.61030.0","Microsoft Corporation","Desktop"
"Microsoft Visual C++ 2012 Redistributable (x86) - 11.0.61030","11.0.61030.0","Microsoft Corporation","Desktop"
"Microsoft Visual C++ 2012 x64 Additional Runtime - 11.0.61030","11.0.61030","Microsoft Corporation","Desktop"
"Microsoft Visual C++ 2012 x64 Minimum Runtime - 11.0.61030","11.0.61030","Microsoft Corporation","Desktop"
"Microsoft Visual C++ 2012 x86 Additional Runtime - 11.0.61030","11.0.61030","Microsoft Corporation","Desktop"
"Microsoft Visual C++ 2012 x86 Minimum Runtime - 11.0.61030","11.0.61030","Microsoft Corporation","Desktop"
"Microsoft Visual C++ 2013 Redistributable (x64) - 12.0.30501","12.0.30501.0","Microsoft Corporation","Desktop"
"Microsoft Visual C++ 2013 Redistributable (x86) - 12.0.30501","12.0.30501.0","Microsoft Corporation","Desktop"
"Microsoft Visual C++ 2013 x64 Additional Runtime - 12.0.21005","12.0.21005","Microsoft Corporation","Desktop"
"Microsoft Visual C++ 2013 x64 Minimum Runtime - 12.0.21005","12.0.21005","Microsoft Corporation","Desktop"
"Microsoft Visual C++ 2013 x86 Additional Runtime - 12.0.21005","12.0.21005","Microsoft Corporation","Desktop"
"Microsoft Visual C++ 2013 x86 Minimum Runtime - 12.0.21005","12.0.21005","Microsoft Corporation","Desktop"
"Microsoft Visual C++ 2015-2022 Redistributable (x64) - 14.42.34438","14.42.34438.0","Microsoft Corporation","Desktop"
"Microsoft Visual C++ 2015-2022 Redistributable (x86) - 14.42.34433","14.42.34433.0","Microsoft Corporation","Desktop"
"Microsoft Visual C++ 2022 X64 Additional Runtime - 14.42.34438","14.42.34438","Microsoft Corporation","Desktop"
"Microsoft Visual C++ 2022 X64 Minimum Runtime - 14.42.34438","14.42.34438","Microsoft Corporation","Desktop"
"Microsoft Visual C++ 2022 X86 Additional Runtime - 14.42.34433","14.42.34433","Microsoft Corporation","Desktop"
"Microsoft Visual C++ 2022 X86 Minimum Runtime - 14.42.34433","14.42.34433","Microsoft Corporation","Desktop"
"Microsoft Visual Studio Code (User)","1.114.0","Microsoft Corporation","Desktop"
"Microsoft.549981C3F5F10","4.2308.1005.0","CN=Microsoft Corporation, O=Microsoft Corporation, L=Redmond, S=Washington, C=US","Store"
"Microsoft.AAD.BrokerPlugin","1000.19041.4239.0","CN=Microsoft Windows, O=Microsoft Corporation, L=Redmond, S=Washington, C=US","Store"
"Microsoft.AccountsControl","10.0.19041.4239","CN=Microsoft Windows, O=Microsoft Corporation, L=Redmond, S=Washington, C=US","Store"
"Microsoft.AsyncTextService","10.0.19041.4239","CN=Microsoft Corporation, O=Microsoft Corporation, L=Redmond, S=Washington, C=US","Store"
"Microsoft.AV1VideoExtension","2.0.7.0","CN=Microsoft Corporation, O=Microsoft Corporation, L=Redmond, S=Washington, C=US","Store"
"Microsoft.BingSearch","1.1.40.0","CN=Microsoft Corporation, O=Microsoft Corporation, L=Redmond, S=Washington, C=US","Store"
"Microsoft.BingWeather","4.54.63029.0","CN=Microsoft Corporation, O=Microsoft Corporation, L=Redmond, S=Washington, C=US","Store"
"Microsoft.BioEnrollment","10.0.19041.4239","CN=Microsoft Windows, O=Microsoft Corporation, L=Redmond, S=Washington, C=US","Store"
"Microsoft.Copilot","1.25121.84.0","CN=Microsoft Corporation, O=Microsoft Corporation, L=Redmond, S=Washington, C=US","Store"
"Microsoft.CredDialogHost","10.0.19041.4239","CN=Microsoft Windows, O=Microsoft Corporation, L=Redmond, S=Washington, C=US","Store"
"Microsoft.DesktopAppInstaller","1.28.220.0","CN=Microsoft Corporation, O=Microsoft Corporation, L=Redmond, S=Washington, C=US","Store"
"Microsoft.ECApp","10.0.19041.4597","CN=Microsoft Corporation, O=Microsoft Corporation, L=Redmond, S=Washington, C=US","Store"
"Microsoft.GetHelp","10.2409.33293.0","CN=Microsoft Corporation, O=Microsoft Corporation, L=Redmond, S=Washington, C=US","Store"
"Microsoft.Getstarted","10.2312.1.0","CN=Microsoft Corporation, O=Microsoft Corporation, L=Redmond, S=Washington, C=US","Store"
"Microsoft.HEIFImageExtension","1.2.30.0","CN=Microsoft Corporation, O=Microsoft Corporation, L=Redmond, S=Washington, C=US","Store"
"Microsoft.HEVCVideoExtension","2.4.43.0","CN=Microsoft Corporation, O=Microsoft Corporation, L=Redmond, S=Washington, C=US","Store"
"Microsoft.LockApp","10.0.19041.4239","CN=Microsoft Windows, O=Microsoft Corporation, L=Redmond, S=Washington, C=US","Store"
"Microsoft.Messaging","4.1901.60404.0","CN=Microsoft Corporation, O=Microsoft Corporation, L=Redmond, S=Washington, C=US","Store"
"Microsoft.Microsoft3DViewer","7.2602.8012.0","CN=Microsoft Corporation, O=Microsoft Corporation, L=Redmond, S=Washington, C=US","Store"
"Microsoft.MicrosoftEdge.Stable","140.0.3485.54","CN=Microsoft Corporation, O=Microsoft Corporation, L=Redmond, S=Washington, C=US","Store"
"Microsoft.MicrosoftEdgeDevToolsClient","1000.19041.4239.0","CN=Microsoft Corporation, O=Microsoft Corporation, L=Redmond, S=Washington, C=US","Store"
"Microsoft.MicrosoftOfficeHub","19.2604.36171.0","CN=Microsoft Corporation, O=Microsoft Corporation, L=Redmond, S=Washington, C=US","Store"
"Microsoft.MicrosoftSolitaireCollection","4.25.3102.0","CN=Microsoft Corporation, O=Microsoft Corporation, L=Redmond, S=Washington, C=US","Store"
"Microsoft.MicrosoftStickyNotes","6.1.4.0","CN=Microsoft Corporation, O=Microsoft Corporation, L=Redmond, S=Washington, C=US","Store"
"Microsoft.MixedReality.Portal","2000.21051.1282.0","CN=Microsoft Corporation, O=Microsoft Corporation, L=Redmond, S=Washington, C=US","Store"
"Microsoft.MPEG2VideoExtension","1.2.13.0","CN=Microsoft Corporation, O=Microsoft Corporation, L=Redmond, S=Washington, C=US","Store"
"Microsoft.MSPaint","6.2410.13017.0","CN=Microsoft Corporation, O=Microsoft Corporation, L=Redmond, S=Washington, C=US","Store"
"Microsoft.NET.Native.Framework.1.7","1.7.27413.0","CN=Microsoft Corporation, O=Microsoft Corporation, L=Redmond, S=Washington, C=US","Store"
"Microsoft.NET.Native.Framework.1.7","1.7.27413.0","CN=Microsoft Corporation, O=Microsoft Corporation, L=Redmond, S=Washington, C=US","Store"
"Microsoft.NET.Native.Framework.2.2","2.2.29512.0","CN=Microsoft Corporation, O=Microsoft Corporation, L=Redmond, S=Washington, C=US","Store"
"Microsoft.NET.Native.Framework.2.2","2.2.29512.0","CN=Microsoft Corporation, O=Microsoft Corporation, L=Redmond, S=Washington, C=US","Store"
"Microsoft.NET.Native.Runtime.1.7","1.7.27422.0","CN=Microsoft Corporation, O=Microsoft Corporation, L=Redmond, S=Washington, C=US","Store"
"Microsoft.NET.Native.Runtime.1.7","1.7.27422.0","CN=Microsoft Corporation, O=Microsoft Corporation, L=Redmond, S=Washington, C=US","Store"
"Microsoft.NET.Native.Runtime.2.2","2.2.28604.0","CN=Microsoft Corporation, O=Microsoft Corporation, L=Redmond, S=Washington, C=US","Store"
"Microsoft.NET.Native.Runtime.2.2","2.2.28604.0","CN=Microsoft Corporation, O=Microsoft Corporation, L=Redmond, S=Washington, C=US","Store"
"Microsoft.Office.Desktop","16051.19127.20570.0","CN=Microsoft Corporation, O=Microsoft Corporation, L=Redmond, S=Washington, C=US","Store"
"Microsoft.Office.OneNote","16001.14326.22594.0","CN=Microsoft Corporation, O=Microsoft Corporation, L=Redmond, S=Washington, C=US","Store"
"Microsoft.OneConnect","5.2508.25002.0","CN=Microsoft Corporation, O=Microsoft Corporation, L=Redmond, S=Washington, C=US","Store"
"Microsoft.OutlookForWindows","1.2026.120.300","CN=Microsoft Corporation, O=Microsoft Corporation, L=Redmond, S=Washington, C=US","Store"
"Microsoft.People","10.2202.100.0","CN=Microsoft Corporation, O=Microsoft Corporation, L=Redmond, S=Washington, C=US","Store"
"Microsoft.Print3D","3.3.791.0","CN=Microsoft Corporation, O=Microsoft Corporation, L=Redmond, S=Washington, C=US","Store"
"Microsoft.RemoteDesktop","10.2.4012.0","CN=Microsoft Corporation, O=Microsoft Corporation, L=Redmond, S=Washington, C=US","Store"
"Microsoft.ScreenSketch","10.2008.3001.0","CN=Microsoft Corporation, O=Microsoft Corporation, L=Redmond, S=Washington, C=US","Store"
"Microsoft.Services.Store.Engagement","10.0.23012.0","CN=Microsoft Corporation, O=Microsoft Corporation, L=Redmond, S=Washington, C=US","Store"
"Microsoft.Services.Store.Engagement","10.0.23012.0","CN=Microsoft Corporation, O=Microsoft Corporation, L=Redmond, S=Washington, C=US","Store"
"Microsoft.StorePurchaseApp","22601.1401.7.0","CN=Microsoft Corporation, O=Microsoft Corporation, L=Redmond, S=Washington, C=US","Store"
"Microsoft.UI.Xaml.2.0","2.1810.18004.0","CN=Microsoft Corporation, O=Microsoft Corporation, L=Redmond, S=Washington, C=US","Store"
"Microsoft.UI.Xaml.2.0","2.1810.18004.0","CN=Microsoft Corporation, O=Microsoft Corporation, L=Redmond, S=Washington, C=US","Store"
"Microsoft.UI.Xaml.2.3","2.32002.13001.0","CN=Microsoft Corporation, O=Microsoft Corporation, L=Redmond, S=Washington, C=US","Store"
"Microsoft.UI.Xaml.2.3","2.32002.13001.0","CN=Microsoft Corporation, O=Microsoft Corporation, L=Redmond, S=Washington, C=US","Store"
"Microsoft.UI.Xaml.2.4","2.42007.9001.0","CN=Microsoft Corporation, O=Microsoft Corporation, L=Redmond, S=Washington, C=US","Store"
"Microsoft.UI.Xaml.2.4","2.42007.9001.0","CN=Microsoft Corporation, O=Microsoft Corporation, L=Redmond, S=Washington, C=US","Store"
"Microsoft.UI.Xaml.2.5","2.52012.2002.0","CN=Microsoft Corporation, O=Microsoft Corporation, L=Redmond, S=Washington, C=US","Store"
"Microsoft.UI.Xaml.2.5","2.52012.2002.0","CN=Microsoft Corporation, O=Microsoft Corporation, L=Redmond, S=Washington, C=US","Store"
"Microsoft.UI.Xaml.2.7","7.2409.9001.0","CN=Microsoft Corporation, O=Microsoft Corporation, L=Redmond, S=Washington, C=US","Store"
"Microsoft.UI.Xaml.2.7","7.2409.9001.0","CN=Microsoft Corporation, O=Microsoft Corporation, L=Redmond, S=Washington, C=US","Store"
"Microsoft.UI.Xaml.2.8","8.2501.31001.0","CN=Microsoft Corporation, O=Microsoft Corporation, L=Redmond, S=Washington, C=US","Store"
"Microsoft.UI.Xaml.2.8","8.2501.31001.0","CN=Microsoft Corporation, O=Microsoft Corporation, L=Redmond, S=Washington, C=US","Store"
"Microsoft.UI.Xaml.2.8","8.2310.30001.0","CN=Microsoft Corporation, O=Microsoft Corporation, L=Redmond, S=Washington, C=US","Store"
"Microsoft.VCLibs.140.00","14.0.33519.0","CN=Microsoft Corporation, O=Microsoft Corporation, L=Redmond, S=Washington, C=US","Store"
"Microsoft.VCLibs.140.00","14.0.33519.0","CN=Microsoft Corporation, O=Microsoft Corporation, L=Redmond, S=Washington, C=US","Store"
"Microsoft.VCLibs.140.00.UWPDesktop","14.0.33728.0","CN=Microsoft Corporation, O=Microsoft Corporation, L=Redmond, S=Washington, C=US","Store"
"Microsoft.VCLibs.140.00.UWPDesktop","14.0.33728.0","CN=Microsoft Corporation, O=Microsoft Corporation, L=Redmond, S=Washington, C=US","Store"
"Microsoft.VP9VideoExtensions","1.2.12.0","CN=Microsoft Corporation, O=Microsoft Corporation, L=Redmond, S=Washington, C=US","Store"
"Microsoft.Wallet","2.4.18324.0","CN=Microsoft Corporation, O=Microsoft Corporation, L=Redmond, S=Washington, C=US","Store"
"Microsoft.WebMediaExtensions","1.2.17.0","CN=Microsoft Corporation, O=Microsoft Corporation, L=Redmond, S=Washington, C=US","Store"
"Microsoft.WebpImageExtension","1.2.14.0","CN=Microsoft Corporation, O=Microsoft Corporation, L=Redmond, S=Washington, C=US","Store"
"Microsoft.Win32WebViewHost","10.0.19041.4239","CN=Microsoft Windows, O=Microsoft Corporation, L=Redmond, S=Washington, C=US","Store"
"Microsoft.WinDbg","1.2603.20001.0","CN=Microsoft Corporation, O=Microsoft Corporation, L=Redmond, S=Washington, C=US","Store"
"Microsoft.Windows.Apprep.ChxApp","1000.19041.4239.0","CN=Microsoft Windows, O=Microsoft Corporation, L=Redmond, S=Washington, C=US","Store"
"Microsoft.Windows.AssignedAccessLockApp","1000.19041.4239.0","CN=Microsoft Windows, O=Microsoft Corporation, L=Redmond, S=Washington, C=US","Store"
"Microsoft.Windows.CallingShellApp","1000.19041.4239.0","CN=Microsoft Windows, O=Microsoft Corporation, L=Redmond, S=Washington, C=US","Store"
"Microsoft.Windows.CapturePicker","10.0.19041.4239","CN=Microsoft Windows, O=Microsoft Corporation, L=Redmond, S=Washington, C=US","Store"
"Microsoft.Windows.CloudExperienceHost","10.0.19041.6396","CN=Microsoft Windows, O=Microsoft Corporation, L=Redmond, S=Washington, C=US","Store"
"Microsoft.Windows.ContentDeliveryManager","10.0.19041.4239","CN=Microsoft Windows, O=Microsoft Corporation, L=Redmond, S=Washington, C=US","Store"
"Microsoft.Windows.DevHome","0.2100.858.0","CN=Microsoft Corporation, O=Microsoft Corporation, L=Redmond, S=Washington, C=US","Store"
"Microsoft.Windows.NarratorQuickStart","10.0.19041.4239","CN=Microsoft Corporation, O=Microsoft Corporation, L=Redmond, S=Washington, C=US","Store"
"Microsoft.Windows.OOBENetworkCaptivePortal","10.0.19041.4239","CN=Microsoft Windows, O=Microsoft Corporation, L=Redmond, S=Washington, C=US","Store"
"Microsoft.Windows.OOBENetworkConnectionFlow","10.0.19041.4239","CN=Microsoft Windows, O=Microsoft Corporation, L=Redmond, S=Washington, C=US","Store"
"Microsoft.Windows.ParentalControls","1000.19041.4239.0","CN=Microsoft Windows, O=Microsoft Corporation, L=Redmond, S=Washington, C=US","Store"
"Microsoft.Windows.PeopleExperienceHost","10.0.19041.4239","CN=Microsoft Windows, O=Microsoft Corporation, L=Redmond, S=Washington, C=US","Store"
"Microsoft.Windows.Photos","2026.11020.20001.0","CN=Microsoft Corporation, O=Microsoft Corporation, L=Redmond, S=Washington, C=US","Store"
"Microsoft.Windows.PinningConfirmationDialog","1000.19041.4239.0","CN=Microsoft Windows, O=Microsoft Corporation, L=Redmond, S=Washington, C=US","Store"
"Microsoft.Windows.Search","1.14.18.19041","CN=Microsoft Windows, O=Microsoft Corporation, L=Redmond, S=Washington, C=US","Store"
"Microsoft.Windows.SecHealthUI","10.0.19041.4239","CN=Microsoft Windows, O=Microsoft Corporation, L=Redmond, S=Washington, C=US","Store"
"Microsoft.Windows.SecureAssessmentBrowser","10.0.19041.4239","CN=Microsoft Windows, O=Microsoft Corporation, L=Redmond, S=Washington, C=US","Store"
"Microsoft.Windows.ShellExperienceHost","10.0.19041.5072","CN=Microsoft Windows, O=Microsoft Corporation, L=Redmond, S=Washington, C=US","Store"
"Microsoft.Windows.StartMenuExperienceHost","10.0.19041.5438","CN=Microsoft Windows, O=Microsoft Corporation, L=Redmond, S=Washington, C=US","Store"
"Microsoft.Windows.XGpuEjectDialog","10.0.19041.4239","CN=Microsoft Windows, O=Microsoft Corporation, L=Redmond, S=Washington, C=US","Store"
"Microsoft.WindowsAlarms","11.2512.0.0","CN=Microsoft Corporation, O=Microsoft Corporation, L=Redmond, S=Washington, C=US","Store"
"Microsoft.WindowsAppRuntime.1.2","2000.802.31.0","CN=Microsoft Corporation, O=Microsoft Corporation, L=Redmond, S=Washington, C=US","Store"
"Microsoft.WindowsAppRuntime.1.2","2000.802.31.0","CN=Microsoft Corporation, O=Microsoft Corporation, L=Redmond, S=Washington, C=US","Store"
"Microsoft.WindowsAppRuntime.1.3","3000.934.1904.0","CN=Microsoft Corporation, O=Microsoft Corporation, L=Redmond, S=Washington, C=US","Store"
"Microsoft.WindowsAppRuntime.1.3","3000.934.1904.0","CN=Microsoft Corporation, O=Microsoft Corporation, L=Redmond, S=Washington, C=US","Store"
"Microsoft.WindowsAppRuntime.1.4","4000.1309.2056.0","CN=Microsoft Corporation, O=Microsoft Corporation, L=Redmond, S=Washington, C=US","Store"
"Microsoft.WindowsAppRuntime.1.4","4000.1309.2056.0","CN=Microsoft Corporation, O=Microsoft Corporation, L=Redmond, S=Washington, C=US","Store"
"Microsoft.WindowsAppRuntime.1.4","4000.1227.1637.0","CN=Microsoft Corporation, O=Microsoft Corporation, L=Redmond, S=Washington, C=US","Store"
"Microsoft.WindowsAppRuntime.1.5","5001.311.2039.0","CN=Microsoft Corporation, O=Microsoft Corporation, L=Redmond, S=Washington, C=US","Store"
"Microsoft.WindowsAppRuntime.1.5","5001.373.1736.0","CN=Microsoft Corporation, O=Microsoft Corporation, L=Redmond, S=Washington, C=US","Store"
"Microsoft.WindowsAppRuntime.1.5","5001.373.1736.0","CN=Microsoft Corporation, O=Microsoft Corporation, L=Redmond, S=Washington, C=US","Store"
"Microsoft.WindowsAppRuntime.1.5","5001.275.500.0","CN=Microsoft Corporation, O=Microsoft Corporation, L=Redmond, S=Washington, C=US","Store"
"Microsoft.WindowsAppRuntime.1.6","6000.401.2352.0","CN=Microsoft Corporation, O=Microsoft Corporation, L=Redmond, S=Washington, C=US","Store"
"Microsoft.WindowsAppRuntime.1.6","6000.424.1611.0","CN=Microsoft Corporation, O=Microsoft Corporation, L=Redmond, S=Washington, C=US","Store"
"Microsoft.WindowsAppRuntime.1.6","6000.457.2140.0","CN=Microsoft Corporation, O=Microsoft Corporation, L=Redmond, S=Washington, C=US","Store"
"Microsoft.WindowsAppRuntime.1.6","6000.486.517.0","CN=Microsoft Corporation, O=Microsoft Corporation, L=Redmond, S=Washington, C=US","Store"
"Microsoft.WindowsAppRuntime.1.6","6000.519.329.0","CN=Microsoft Corporation, O=Microsoft Corporation, L=Redmond, S=Washington, C=US","Store"
"Microsoft.WindowsAppRuntime.1.6","6000.519.329.0","CN=Microsoft Corporation, O=Microsoft Corporation, L=Redmond, S=Washington, C=US","Store"
"Microsoft.WindowsAppRuntime.1.7","7000.785.2325.0","CN=Microsoft Corporation, O=Microsoft Corporation, L=Redmond, S=Washington, C=US","Store"
"Microsoft.WindowsAppRuntime.1.7","7000.652.1806.0","CN=Microsoft Corporation, O=Microsoft Corporation, L=Redmond, S=Washington, C=US","Store"
"Microsoft.WindowsAppRuntime.1.7","7000.770.750.0","CN=Microsoft Corporation, O=Microsoft Corporation, L=Redmond, S=Washington, C=US","Store"
"Microsoft.WindowsAppRuntime.1.7","7000.676.1651.0","CN=Microsoft Corporation, O=Microsoft Corporation, L=Redmond, S=Washington, C=US","Store"
"Microsoft.WindowsAppRuntime.1.7","7000.785.2325.0","CN=Microsoft Corporation, O=Microsoft Corporation, L=Redmond, S=Washington, C=US","Store"
"Microsoft.WindowsAppRuntime.1.7","7000.744.1258.0","CN=Microsoft Corporation, O=Microsoft Corporation, L=Redmond, S=Washington, C=US","Store"
"Microsoft.WindowsAppRuntime.1.8","8000.642.119.0","CN=Microsoft Corporation, O=Microsoft Corporation, L=Redmond, S=Washington, C=US","Store"
"Microsoft.WindowsAppRuntime.1.8","8000.806.2252.0","CN=Microsoft Corporation, O=Microsoft Corporation, L=Redmond, S=Washington, C=US","Store"
"Microsoft.WindowsAppRuntime.1.8","8000.770.947.0","CN=Microsoft Corporation, O=Microsoft Corporation, L=Redmond, S=Washington, C=US","Store"
"Microsoft.WindowsAppRuntime.1.8","8000.806.2252.0","CN=Microsoft Corporation, O=Microsoft Corporation, L=Redmond, S=Washington, C=US","Store"
"Microsoft.WindowsAppRuntime.1.8","8000.675.1142.0","CN=Microsoft Corporation, O=Microsoft Corporation, L=Redmond, S=Washington, C=US","Store"
"Microsoft.WindowsAppRuntime.1.8","8000.731.1532.0","CN=Microsoft Corporation, O=Microsoft Corporation, L=Redmond, S=Washington, C=US","Store"
"Microsoft.WindowsCalculator","11.2508.4.0","CN=Microsoft Corporation, O=Microsoft Corporation, L=Redmond, S=Washington, C=US","Store"
"Microsoft.WindowsCamera","2025.2510.2.0","CN=Microsoft Corporation, O=Microsoft Corporation, L=Redmond, S=Washington, C=US","Store"
"microsoft.windowscommunicationsapps","16005.14326.22342.0","CN=Microsoft Corporation, O=Microsoft Corporation, L=Redmond, S=Washington, C=US","Store"
"Microsoft.WindowsFeedbackHub","1.2602.13304.0","CN=Microsoft Corporation, O=Microsoft Corporation, L=Redmond, S=Washington, C=US","Store"
"Microsoft.WindowsMaps","11.2506.3.0","CN=Microsoft Corporation, O=Microsoft Corporation, L=Redmond, S=Washington, C=US","Store"
"Microsoft.WindowsSoundRecorder","10.2103.28.0","CN=Microsoft Corporation, O=Microsoft Corporation, L=Redmond, S=Washington, C=US","Store"
"Microsoft.WindowsStore","22602.1401.6.0","CN=Microsoft Corporation, O=Microsoft Corporation, L=Redmond, S=Washington, C=US","Store"
"Microsoft.Winget.Platform.Source","2024.619.2424.27","CN=Microsoft Corporation, O=Microsoft Corporation, L=Redmond, S=Washington, C=US","Store"
"Microsoft.Winget.Source","2025.430.1133.0","CN=Microsoft Corporation, O=Microsoft Corporation, L=Redmond, S=Washington, C=US","Store"
"Microsoft.Xbox.TCUI","1.24.10001.0","CN=Microsoft Corporation, O=Microsoft Corporation, L=Redmond, S=Washington, C=US","Store"
"Microsoft.XboxApp","48.104.4001.0","CN=Microsoft Corporation, O=Microsoft Corporation, L=Redmond, S=Washington, C=US","Store"
"Microsoft.XboxGameCallableUI","1000.19041.4239.0","CN=Microsoft Windows, O=Microsoft Corporation, L=Redmond, S=Washington, C=US","Store"
"Microsoft.XboxGameOverlay","1.54.4001.0","CN=Microsoft Corporation, O=Microsoft Corporation, L=Redmond, S=Washington, C=US","Store"
"Microsoft.XboxGamingOverlay","7.326.2102.0","CN=Microsoft Corporation, O=Microsoft Corporation, L=Redmond, S=Washington, C=US","Store"
"Microsoft.XboxIdentityProvider","12.130.16001.0","CN=Microsoft Corporation, O=Microsoft Corporation, L=Redmond, S=Washington, C=US","Store"
"Microsoft.XboxSpeechToTextOverlay","1.21.13002.0","CN=Microsoft Corporation, O=Microsoft Corporation, L=Redmond, S=Washington, C=US","Store"
"Microsoft.YourPhone","1.25072.79.0","CN=Microsoft Corporation, O=Microsoft Corporation, L=Redmond, S=Washington, C=US","Store"
"Microsoft.ZuneMusic","11.2601.11.0","CN=Microsoft Corporation, O=Microsoft Corporation, L=Redmond, S=Washington, C=US","Store"
"Microsoft.ZuneVideo","10.25121.10051.0","CN=Microsoft Corporation, O=Microsoft Corporation, L=Redmond, S=Washington, C=US","Store"
"MicrosoftCorporationII.WinAppRuntime.Main.1.5","5001.373.1736.0","CN=Microsoft Corporation, O=Microsoft Corporation, L=Redmond, S=Washington, C=US","Store"
"MicrosoftCorporationII.WinAppRuntime.Singleton","8000.806.2252.0","CN=Microsoft Corporation, O=Microsoft Corporation, L=Redmond, S=Washington, C=US","Store"
"MicrosoftCorporationII.Windows365","2.0.1069.0","CN=Microsoft Corporation, O=Microsoft Corporation, L=Redmond, S=Washington, C=US","Store"
"MicrosoftWindows.Client.CBS","1000.19062.1000.0","CN=Microsoft Windows, O=Microsoft Corporation, L=Redmond, S=Washington, C=US","Store"
"MicrosoftWindows.CrossDevice","0.25072.59.0","CN=Microsoft Windows, O=Microsoft Corporation, L=Redmond, S=Washington, C=US","Store"
"MicrosoftWindows.UndockedDevKit","10.0.19041.4239","CN=Microsoft Windows, O=Microsoft Corporation, L=Redmond, S=Washington, C=US","Store"
"Mozilla Firefox (x64 en-US)","149.0.2","Mozilla","Desktop"
"Mozilla Maintenance Service","135.0","Mozilla","Desktop"
"MSTeams","26072.519.4556.7438","CN=Microsoft Corporation, O=Microsoft Corporation, L=Redmond, S=Washington, C=US","Store"
"MSYS2","20251213","The MSYS2 Developers","Desktop"
"MuMuPlayer","5.24.2.3266","Netease","Desktop"
"NcsiUwpApp","1000.19041.4239.0","CN=Microsoft Corporation, O=Microsoft Corporation, L=Redmond, S=Washington, C=US","Store"
"Notepad++ (64-bit x64)","8.8.1","Notepad++ Team","Desktop"
"NvCpl","1.0","NVIDIA Corporation","Desktop"
"NVIDIA AIUser Container","1.44","NVIDIA Corporation","Desktop"
"NVIDIA App 11.0.5.420","11.0.5.420","NVIDIA Corporation","Desktop"
"NVIDIA Backend","11.0.5.420","NVIDIA Corporation","Desktop"
"NVIDIA Container","1.44","NVIDIA Corporation","Desktop"
"NVIDIA FrameView SDK 1.5.11504.36206172","1.5.11504.36206172","NVIDIA Corporation","Desktop"
"NVIDIA Graphics Driver 582.28","582.28","NVIDIA Corporation","Desktop"
"NVIDIA Install Application","2.1002.438.0","NVIDIA Corporation","Desktop"
"NVIDIA LocalSystem Container","1.44","NVIDIA Corporation","Desktop"
"NVIDIA MessageBus 3 for NvApp","3.16","NVIDIA Corporation","Desktop"
"NVIDIA NvDLISR","1.0","NVIDIA Corporation","Desktop"
"NVIDIA PhysX System Software 9.23.1019","9.23.1019","NVIDIA Corporation","Desktop"
"NVIDIA Session Container","1.44","NVIDIA Corporation","Desktop"
"NVIDIA ShadowPlay 11.0.5.400","11.0.5.400","NVIDIA Corporation","Desktop"
"NVIDIA Telemetry Client","19.4.29.0","NVIDIA Corporation","Desktop"
"NVIDIA User Container","1.44","NVIDIA Corporation","Desktop"
"NVIDIA Virtual Audio 4.65.0.3","4.65.0.3","NVIDIA Corporation","Desktop"
"NVIDIA Virtual Host Controller","3.05.0.1","NVIDIA Corporation","Desktop"
"NVIDIA Watchdog Plugin for NvContainer","1.44","NVIDIA Corporation","Desktop"
"NVIDIACorp.NVIDIAControlPanel","8.1.969.0","CN=D6816951-877F-493B-B4EE-41AB9419C326","Store"
"OBS Studio","32.0.4","OBS Project","Desktop"
"Ookla.SpeedtestbyOokla","1.18.194.0","CN=D01B1733-EEB2-4D57-8B6B-B0FEE2F6925D","Store"
"OpenShot Video Editor 3.3.0","3.3.0","OpenShot Studios, LLC","Desktop"
"OpenVPN 2.6.9-I001 amd64","2.6.901","OpenVPN, Inc.","Desktop"
"Oracle VirtualBox 7.2.6","7.2.6","Oracle and/or its affiliates","Desktop"
"Perplexity 1.3.0","1.3.0","Perplexity","Desktop"
"Python 3.13.3 (64-bit)","3.13.3150.0","Python Software Foundation","Desktop"
"Python 3.13.3 Add to Path (64-bit)","3.13.3150.0","Python Software Foundation","Desktop"
"Python 3.13.3 Core Interpreter (64-bit)","3.13.3150.0","Python Software Foundation","Desktop"
"Python 3.13.3 Development Libraries (64-bit)","3.13.3150.0","Python Software Foundation","Desktop"
"Python 3.13.3 Documentation (64-bit)","3.13.3150.0","Python Software Foundation","Desktop"
"Python 3.13.3 Executables (64-bit)","3.13.3150.0","Python Software Foundation","Desktop"
"Python 3.13.3 pip Bootstrap (64-bit)","3.13.3150.0","Python Software Foundation","Desktop"
"Python 3.13.3 Standard Library (64-bit)","3.13.3150.0","Python Software Foundation","Desktop"
"Python 3.13.3 Tcl/Tk Support (64-bit)","3.13.3150.0","Python Software Foundation","Desktop"
"Python 3.13.3 Test Suite (64-bit)","3.13.3150.0","Python Software Foundation","Desktop"
"Python Launcher","3.13.3150.0","Python Software Foundation","Desktop"
"Realtek Audio Driver","6.0.9239.1","Realtek Semiconductor Corp.","Desktop"
"SpotifyAB.SpotifyMusic","1.286.502.0","CN=453637B3-4E12-4CDF-B0D3-2A3C863BF6EF","Store"
"Steam","2.10.91.91","Valve Corporation","Desktop"
"Streaming Center PLUG version 2.4.14","2.4.14","AVerMedia Technologies, Inc.","Desktop"
"Subtitle Edit","4.0.8.0","Nikse","Desktop"
"TelegramMessengerLLP.TelegramDesktop","6.7.5.0","CN=536BC709-8EE1-4478-AF22-F0F0F26FF64A","Store"
"Thunderbolt™ Software","17.4.80.550","Intel Corporation","Desktop"
"Tom Clancy's The Division 2",,"Ubisoft","Desktop"
"Tom Clancy's The Division 2 - Test Server",,"","Desktop"
"Ubisoft Connect","170.1.13122","Ubisoft","Desktop"
"UltraVNC","1.6.4.0","uvnc bvba","Desktop"
"Update for x64-based Windows Systems (KB5001716)","8.94.0.0","Microsoft Corporation","Desktop"
"VirtViewer 11.0-256 (64-bit)","11.0.256","Virt Viewer Project","Desktop"
"VMware Workstation","17.6.3","VMware, Inc.","Desktop"
"WinDirStat","2.2.2","WinDirStat Team","Desktop"
"Windows.CBSPreview","10.0.19041.4239","CN=Microsoft Windows, O=Microsoft Corporation, L=Redmond, S=Washington, C=US","Store"
"windows.immersivecontrolpanel","10.0.2.1000","CN=Microsoft Windows, O=Microsoft Corporation, L=Redmond, S=Washington, C=US","Store"
"Windows.PrintDialog","6.2.1.0","CN=Microsoft Windows, O=Microsoft Corporation, L=Redmond, S=Washington, C=US","Store"
"WinSCP 6.5.2","6.5.2","Martin Prikryl","Desktop"
"Zoom Workplace","6.7.8 (32670)","Zoom Communications, Inc.","Desktop"
